session_id,network_packet_size,protocol_type,login_attempts,session_duration,encryption_used,ip_reputation_score,failed_logins,browser_type,unusual_time_access,event_type,event_severity,event_source,event_timestamp,user_risk_profile,device_type,device_os_version,geo_location,login_time_deviation,vpn_usage_pattern,data_transfer_spike,lateral_movement_score,threat_intel_match,multi_signal_fusion_score,threat_score_trend,mitigation_action,response_time_ms,isolation_scope,false_positive_flag,analyst_feedback,model_confidence,risk_label
sess_0001,1500,TCP,1,3600.5,AES,0.05,0,Chrome,0,Sports,Low,NewsAPI,2024-06-10T12:00:00Z,0.1,Laptop,Windows 10,"Dallas,TX",0h,Normal,1x,0.02,No,0.05,Stable,None,120,None,No,,0.95,No Risk
sess_0002,4500,UDP,3,1800,RSA,0.6,2,Firefox,1,CyberAlert,High,GovFeed,2024-06-09T03:45:00Z,0.7,Mobile,Android 12,"New York,NY",+3h,Frequent,3x,0.8,Yes,0.85,Increasing,Alert,500,User,No,Suspicious login pattern detected.,0.9,High Risk
sess_0003,2000,ICMP,1,900.25,None,0.3,0,Edge,0,Political,Medium,SocialMedia,2024-06-08T15:30:00Z,0.4,Laptop,macOS 13,"Austin,TX",-1h,New device,2x,0.1,No,0.3,Stable,Monitor,200,None,No,No immediate threat.,0.85,Little Risk
sess_0004,500,TCP,5,150,AES,0.9,5,Chrome,1,CyberAlert,High,GovFeed,2024-06-10T02:00:00Z,0.95,Server,Linux 5.15,"San Francisco,CA",+4h,New country,5x,1.2,Yes,1.1,Increasing,Micro-segment,1000,Device,No,Confirmed breach attempt.,0.99,High Risk
sess_0005,1200,UDP,2,2400.75,DES,0.15,1,Firefox,0,NaturalDisaster,Low,NewsAPI,2024-06-07T08:00:00Z,0.2,IoT,EmbeddedOS 3.2,"Miami,FL",0h,Normal,1x,0.05,No,0.1,Stable,None,150,None,Yes,False positive due to natural disaster event.,0.92,No Risk
sess_0006,1800,TCP,1,3000,AES,0.25,0,Edge,0,Sports,Medium,SocialMedia,2024-06-11T10:00:00Z,0.3,Laptop,Windows 11,"Seattle,WA",-2h,Normal,2x,0.15,No,0.2,Stable,Monitor,180,None,No,,0.88,Little Risk
sess_0007,2200,UDP,4,1200.5,RSA,0.7,3,Chrome,1,CyberAlert,High,GovFeed,2024-06-12T01:15:00Z,0.85,Mobile,iOS 16,"Chicago,IL",+5h,New device,4x,0.9,Yes,0.95,Increasing,Alert,700,User,No,Multiple failed logins detected.,0.93,High Risk
sess_0008,800,TCP,1,600,AES,0.1,0,Firefox,0,Political,Low,NewsAPI,2024-06-13T14:00:00Z,0.15,Laptop,Ubuntu 22.04,"Boston,MA",0h,Normal,1x,0.03,No,0.07,Stable,None,130,None,Yes,No threat found after review.,0.9,No Risk
sess_0009,1400,UDP,2,2700,DES,0.4,1,Edge,0,NaturalDisaster,Medium,SocialMedia,2024-06-14T09:30:00Z,0.35,IoT,EmbeddedOS 4.0,"Denver,CO",-1h,Normal,2x,0.12,No,0.25,Stable,Monitor,220,None,No,Data spike due to event-related traffic.,0.87,Little Risk
sess_0010,1600,TCP,3,800.5,AES,0.55,2,Chrome,1,CyberAlert,High,GovFeed,2024-06-15T04:15:00Z,0.75,Mobile,Android 13,"Houston,TX",+3h,New country,3x,0.85,Yes,0.9,Increasing,Alert,600,User,No,Multiple signs of compromise.,0.91,High Risk
sess_0011,1100,UDP,1,1100,DES,0.2,0,Firefox,0,Sports,Low,NewsAPI,2024-06-16T13:00:00Z,0.18,Laptop,Windows 7,"Atlanta,GA",0h,Normal,1x,0.04,No,0.08,Stable,None,140,None,Yes,User behavior normal.,0.89,No Risk
sess_0012,1900,TCP,2,2000,AES,0.5,1,Edge,0,Political,Medium,SocialMedia,2024-06-17T11:00:00Z,0.4,Server,Linux 4.18,"Philadelphia,PA",-1h,Normal,2x,0.18,No,0.22,Stable,Monitor,210,None,No,,0.86,Little Risk
sess_0013,2500,UDP,4,900,RSA,0.8,4,Chrome,1,CyberAlert,High,GovFeed,2024-06-18T02:30:00Z,0.9,Mobile,Android 11,"San Diego,CA",+6h,New country,5x,1,Yes,1.05,Increasing,Micro-segment,900,Device,No,Confirmed attack.,0.98,High Risk
sess_0014,700,TCP,1,700,AES,0.12,0,Firefox,0,Sports,Low,NewsAPI,2024-06-19T15:00:00Z,0.1,Laptop,Windows 8,"Portland,OR",0h,Normal,1x,0.03,No,0.06,Stable,None,125,None,Yes,False alarm.,0.91,No Risk
sess_0015,1350,UDP,3,1800,DES,0.35,2,Edge,1,Political,Medium,SocialMedia,2024-06-20T10:45:00Z,0.5,IoT,EmbeddedOS 3.5,"Austin,TX",+2h,Frequent,2x,0.25,No,0.3,Stable,Monitor,230,None,No,,0.84,Little Risk
sess_0016,1700,TCP,2,1600,AES,0.45,1,Chrome,0,CyberAlert,High,GovFeed,2024-06-21T03:20:00Z,0.6,Mobile,iOS 15,"Las Vegas,NV",-3h,New device,3x,0.75,Yes,0.8,Increasing,Alert,550,User,No,Potential threat detected.,0.92,High Risk
sess_0017,2100,UDP,4,1300,RSA,0.85,3,Firefox,1,CyberAlert,High,GovFeed,2024-06-22T01:10:00Z,0.9,Laptop,Windows 10,"Columbus,OH",+4h,New country,4x,0.95,Yes,1,Increasing,Micro-segment,850,Device,No,Multiple suspicious activities.,0.97,High Risk
sess_0018,900,TCP,1,950,AES,0.2,0,Edge,0,Sports,Low,NewsAPI,2024-06-23T12:30:00Z,0.15,Laptop,macOS 12,"Orlando,FL",0h,Normal,1x,0.05,No,0.07,Stable,None,135,None,Yes,No security concerns.,0.9,No Risk
sess_0019,1450,UDP,2,2600,DES,0.4,1,Chrome,0,NaturalDisaster,Medium,SocialMedia,2024-06-24T08:15:00Z,0.3,IoT,EmbeddedOS 4.2,"Minneapolis,MN",-1h,Normal,2x,0.12,No,0.2,Stable,Monitor,210,None,No,Data spike explained by event.,0.88,Little Risk
sess_0020,1550,TCP,3,850,AES,0.55,2,Firefox,1,CyberAlert,High,GovFeed,2024-06-25T05:00:00Z,0.65,Mobile,Android 14,"Detroit,MI",+3h,New country,3x,0.8,Yes,0.85,Increasing,Alert,600,User,No,Suspicious activity confirmed.,0.9,High Risk
sess_0021,1250,UDP,1,1000,DES,0.22,0,Edge,0,Sports,Low,NewsAPI,2024-06-26T14:00:00Z,0.18,Laptop,Windows 10,"Jacksonville,FL",0h,Normal,1x,0.04,No,0.07,Stable,None,140,None,Yes,Normal user behavior.,0.89,No Risk
sess_0022,1850,TCP,2,2100,AES,0.48,1,Chrome,0,Political,Medium,SocialMedia,2024-06-27T11:30:00Z,0.4,Server,Linux 5.10,"Memphis,TN",-1h,Normal,2x,0.2,No,0.25,Stable,Monitor,220,None,No,,0.86,Little Risk
sess_0023,2700,UDP,5,950,RSA,0.88,4,Firefox,1,CyberAlert,High,GovFeed,2024-06-28T02:45:00Z,0.9,Mobile,Android 12,"Charlotte,NC",+6h,New device,5x,1.1,Yes,1.05,Increasing,Micro-segment,920,Device,No,Confirmed breach.,0.99,High Risk
sess_0024,750,TCP,1,700,AES,0.1,0,Edge,0,Sports,Low,NewsAPI,2024-06-29T15:15:00Z,0.1,Laptop,Windows 8,"El Paso,TX",0h,Normal,1x,0.02,No,0.05,Stable,None,120,None,Yes,False alert.,0.91,No Risk
sess_0025,1300,UDP,3,1750,DES,0.33,2,Chrome,1,Political,Medium,SocialMedia,2024-06-30T10:00:00Z,0.5,IoT,EmbeddedOS 3.8,"Detroit,MI",+2h,Frequent,2x,0.28,No,0.32,Stable,Monitor,240,None,No,,0.84,Little Risk
sess_0026,1750,TCP,2,1650,AES,0.43,1,Firefox,0,CyberAlert,High,GovFeed,2024-07-01T03:40:00Z,0.6,Mobile,iOS 16,"Memphis,TN",-3h,New device,3x,0.7,Yes,0.8,Increasing,Alert,570,User,No,Potential threat.,0.92,High Risk
sess_0027,2150,UDP,4,1250,RSA,0.82,3,Edge,1,CyberAlert,High,GovFeed,2024-07-02T01:20:00Z,0.9,Laptop,Windows 11,"Milwaukee,WI",+4h,New country,4x,0.95,Yes,1.02,Increasing,Micro-segment,870,Device,No,Multiple suspicious events.,0.97,High Risk
sess_0028,950,TCP,1,960,AES,0.18,0,Chrome,0,Sports,Low,NewsAPI,2024-07-03T12:40:00Z,0.15,Laptop,macOS 13,"Albuquerque,NM",0h,Normal,1x,0.05,No,0.08,Stable,None,130,None,Yes,No security issues.,0.9,No Risk
sess_0029,1480,UDP,2,2650,DES,0.38,1,Firefox,0,NaturalDisaster,Medium,SocialMedia,2024-07-04T08:20:00Z,0.35,IoT,EmbeddedOS 4.1,"Fresno,CA",-1h,Normal,2x,0.1,No,0.22,Stable,Monitor,210,None,No,Event-related traffic spike.,0.88,Little Risk
sess_0030,1580,TCP,3,860,AES,0.53,2,Edge,1,CyberAlert,High,GovFeed,2024-07-05T05:10:00Z,0.65,Mobile,Android 13,"Grand Rapids,MI",+3h,New country,3x,0.78,Yes,0.88,Increasing,Alert,610,User,No,Suspicious activity.,0.9,High Risk
sess_0031,1270,UDP,1,1020,DES,0.25,0,Chrome,0,Sports,Low,NewsAPI,2024-07-06T14:20:00Z,0.2,Laptop,Windows 10,"Lubbock,TX",0h,Normal,1x,0.06,No,0.1,Stable,None,140,None,Yes,User normal.,0.89,No Risk
sess_0032,1905,TCP,2,2150,AES,0.47,1,Firefox,0,Political,Medium,SocialMedia,2024-07-07T11:50:00Z,0.42,Server,Linux 5.13,"Augusta,GA",-1h,Normal,2x,0.22,No,0.28,Stable,Monitor,230,None,No,,0.86,Little Risk
sess_0033,2650,UDP,5,970,RSA,0.9,5,Edge,1,CyberAlert,High,GovFeed,2024-07-08T02:55:00Z,0.92,Mobile,Android 14,"Glendale,AZ",+6h,New device,5x,1.15,Yes,1.07,Increasing,Micro-segment,930,Device,No,Confirmed breach.,0.99,High Risk
sess_0034,720,TCP,1,710,AES,0.11,0,Chrome,0,Sports,Low,NewsAPI,2024-07-09T15:25:00Z,0.12,Laptop,Windows 8,"Santa Ana,CA",0h,Normal,1x,0.03,No,0.06,Stable,None,120,None,Yes,FALSE,,
sess_0035,1300,TCP,2,1500,AES,0.3,1,Firefox,0,Political,Medium,SocialMedia,2024-07-10T10:00:00Z,0.4,Laptop,Windows 11,"Houston,TX",0h,Normal,2x,0.2,No,0.25,Stable,Monitor,250,None,No,"Reviewed, no threat found.",0.87,Little Risk
sess_0036,2100,UDP,4,1200,RSA,0.75,3,Chrome,1,CyberAlert,High,GovFeed,2024-07-11T02:30:00Z,0.85,Mobile,Android 13,"Chicago,IL",+4h,New device,4x,0.9,Yes,0.95,Increasing,Alert,700,User,No,Multiple failed login attempts.,0.92,High Risk
sess_0037,900,TCP,1,800,AES,0.1,0,Edge,0,Sports,Low,NewsAPI,2024-07-12T13:00:00Z,0.15,Laptop,macOS 13,"Boston,MA",0h,Normal,1x,0.05,No,0.07,Stable,None,140,None,Yes,No suspicious activity.,0.9,No Risk
sess_0038,1400,UDP,3,2500,DES,0.45,2,Firefox,0,NaturalDisaster,Medium,SocialMedia,2024-07-13T09:30:00Z,0.35,IoT,EmbeddedOS 4.0,"Denver,CO",-1h,Normal,2x,0.15,No,0.3,Stable,Monitor,220,None,No,Event related data spike.,0.85,Little Risk
sess_0039,1600,TCP,3,900,AES,0.6,2,Chrome,1,CyberAlert,High,GovFeed,2024-07-14T05:00:00Z,0.7,Mobile,Android 14,"Cleveland,OH",+3h,New country,3x,0.8,Yes,0.9,Increasing,Alert,600,User,No,Signs of compromise detected.,0.9,High Risk
sess_0040,1250,UDP,1,1100,DES,0.18,0,Edge,0,Sports,Low,NewsAPI,2024-07-15T14:00:00Z,0.2,Laptop,Windows 10,"Atlanta,GA",0h,Normal,1x,0.06,No,0.1,Stable,None,150,None,Yes,Normal user behavior.,0.88,No Risk
sess_0041,1850,TCP,2,2200,AES,0.5,1,Firefox,0,Political,Medium,SocialMedia,2024-07-16T11:30:00Z,0.4,Server,Linux 5.15,"Memphis,TN",-1h,Normal,2x,0.2,No,0.25,Stable,Monitor,230,None,No,,0.86,Little Risk
sess_0042,2750,UDP,5,1000,RSA,0.9,4,Chrome,1,CyberAlert,High,GovFeed,2024-07-17T03:00:00Z,0.95,Mobile,Android 15,"Charlotte,NC",+6h,New device,5x,1.1,Yes,1.1,Increasing,Micro-segment,950,Device,No,Confirmed breach attempt.,0.99,High Risk
sess_0043,700,TCP,1,650,AES,0.12,0,Edge,0,Sports,Low,NewsAPI,2024-07-18T15:30:00Z,0.1,Laptop,Windows 8,"El Paso,TX",0h,Normal,1x,0.03,No,0.05,Stable,None,120,None,Yes,False positive alert.,0.9,No Risk
sess_0044,1350,UDP,3,1800,DES,0.4,2,Firefox,1,Political,Medium,SocialMedia,2024-07-19T10:15:00Z,0.5,IoT,EmbeddedOS 3.9,"Austin,TX",+2h,Frequent,2x,0.25,No,0.3,Stable,Monitor,240,None,No,,0.83,Little Risk
sess_0045,1750,TCP,2,1650,AES,0.48,1,Chrome,0,CyberAlert,High,GovFeed,2024-07-20T04:00:00Z,0.6,Mobile,iOS 16,"Memphis,TN",-3h,New device,3x,0.75,Yes,0.8,Increasing,Alert,570,User,No,Potential threat detected.,0.92,High Risk
sess_0046,2150,UDP,4,1300,RSA,0.8,3,Edge,1,CyberAlert,High,GovFeed,2024-07-21T01:45:00Z,0.9,Laptop,Windows 11,"Milwaukee,WI",+4h,New country,4x,0.95,Yes,1,Increasing,Micro-segment,870,Device,No,Multiple suspicious activities.,0.96,High Risk
sess_0047,950,TCP,1,900,AES,0.15,0,Firefox,0,Sports,Low,NewsAPI,2024-07-22T12:45:00Z,0.15,Laptop,macOS 14,"Albuquerque,NM",0h,Normal,1x,0.05,No,0.08,Stable,None,130,None,Yes,No security concerns.,0.9,No Risk
sess_0048,1480,UDP,2,2600,DES,0.37,1,Chrome,0,NaturalDisaster,Medium,SocialMedia,2024-07-23T08:30:00Z,0.35,IoT,EmbeddedOS 4.2,"Fresno,CA",-1h,Normal,2x,0.12,No,0.22,Stable,Monitor,210,None,No,Data spike due to event.,0.87,Little Risk
sess_0049,1580,TCP,3,870,AES,0.52,2,Edge,1,CyberAlert,High,GovFeed,2024-07-24T05:10:00Z,0.65,Mobile,Android 14,"Grand Rapids,MI",+3h,New country,3x,0.78,Yes,0.88,Increasing,Alert,610,User,No,Suspicious activity detected.,0.9,High Risk
sess_0050,1270,UDP,1,1010,DES,0.23,0,Firefox,0,Sports,Low,NewsAPI,2024-07-25T14:10:00Z,0.19,Laptop,Windows 10,"Lubbock,TX",0h,Normal,1x,0.06,No,0.1,Stable,None,140,None,Yes,User behavior normal.,0.88,No Risk
